DayBreak — Social Media Problem & Solution Research,,,
"The strongest research does not support treating all social-media use as equally harmful. DayBreak should redesign the specific mechanisms that create harm—including engagement optimization, social comparison, harmful amplification, weak privacy, opaque ranking, and moderation failures—while preserving connection, identity exploration, creativity, learning, and community support.",,,
,,,
Problems mapped,15,Research sources,36
Tier 1 priorities,7,Product principles,6
,,,
Six evidence-based product principles,,,
"1. Optimize for session value, not session length","Ask whether a session helped the user connect, learn, create, or recover—not merely whether the user stayed on the platform.",,
2. Give users control over ranking goals,"Allow users to choose ranking modes such as Calm, Connect, Learn, Explore, or Chronological. Explain why recommendations appear.",,
3. Remove unnecessary public social ranking,"Keep useful analytics private while reducing public like counts, streak pressure, follower-based status, and other popularity signals.",,
4. Use targeted friction at high-risk moments,"Add pauses, context, and circuit breakers before resharing misinformation, joining pile-ons, continuing late-night sessions, or repeatedly viewing sensitive content.",,
5. Make youth privacy and safety the default,"Minimize data collection, restrict unsafe adult-to-minor contact, avoid behavioral advertising to minors, and include young people in product design.",,
6. Measure wellbeing and meaningful connection directly,"Track autonomy, sleep disruption, harmful exposure, meaningful interaction, satisfaction, and session value—not only engagement or time spent.",,
,,,
Evidence-strength scale,,,
5,"Multiple strong systematic reviews, meta-analyses, consensus reports, or replicated experiments",,
4,"Strong evidence, but findings may vary by population, platform, or study design",,
3,Moderate or emerging evidence,,
2,Limited evidence or mostly observational findings,,
1,"Mainly theoretical, anecdotal, or insufficiently studied",,
,,,
Note: Priority Score = Evidence Strength × 0.30 + Severity × 0.30 + Product Leverage × 0.25 + (6 − Complexity) × 0.15,,,